微博id,微博正文,头条文章url,原始图片url,被转发微博原始图片url,是否为原创微博,微博视频url,发布位置,发布时间,发布工具,点赞数,转发数,评论数
R4ltkfnIK,":#vivo X Fold6# 新品发布会，开启超能折叠新程，展开大屏无限可能，敬请期待！#AI轻办公神器##OriginOS 6#
X Fold6 新品线上全平台已开启正式预约，点击链接即可解锁超值权益，以旧换新至高补贴1500元！
官网：网页链接
京东自营：网页链接
天猫官旗：网页链接
抖音官旗：网页链接
京东官旗：网页链接
拼多多官旗：网页链接
招行官旗：网页链接
快手官旗：网页链接
vivo+小程序：http://t.cn/AXaCHc7Z vivo的微博视频",,无,无,True,无,无,2026-06-16 09:00,微博视频号,269,57,59
R5s161UzU,":#vivo X Fold6# MWC上海首秀！
6月24日至6月26日，上海新国际博览中心 N3-B80，vivo X Fold6 抢先上手体验！
原子工作台、影像等体验区同步开放，AI Talk社区特邀重磅嘉宾分享干货，共探AI新可能。现场同步展出 vivo Vision、vivo全家桶，精彩互动，邀您参与。
6月26日19:00，#vivo X Fold6# 新品发布会，敬请期待！#OriginOS 6##AI轻办公神器##vivo[超话]#",,https://wx1.sinaimg.cn/large/001Ytvrtgy1ief90uhkelj61nncmyqva02.jpg,无,True,无,无,2026-06-23 15:30,vivo超话,55,1,11
R5rCGxhV5,":#vivo X Fold6# ，你的#AI轻办公神器# 。
✅AI会议助手，行业首发AI分角色转写+总结，分角色记得清、听得懂、看得透。
✅AI文件管家，文档随口问，细节它来答。
✅小V Claw PC版，需求说出口，任务它搞定，手机远程发指令，电脑自动执行。
AI 会议助手、AI 文件管家、小V Claw PC版，让AI不再停留在聊天框里，而是进入你的真实工作流。
6月26日 19:00 新品发布会，敬请期待！#OriginOS 6#         [",,"https://ww2.sinaimg.cn/large/001Ytvrtgy1ief88gjujmj60u01400zj02.jpg,https://ww4.sinaimg.cn/large/001Ytvrtgy1ief88i1jfsj60u0140agy02.jpg,https://ww4.sinaimg.cn/large/001Ytvrtgy1ief88jgybcj60u0140dl602.jpg",无,True,无,无,2026-06-23 14:29,无,33,4,4
R5j8dC3Eh,":#vivo TWS 5 Pro# 多重旗舰实力，只为成就极致体验！
独立Hi-Fi芯片、圈铁纯净合音架构 ，成就#Hi-Fi人声大师# ，让每一句人声，都更动人心。
旗舰降噪、跨生态无缝三连接，从工作到生活，都让你更从容自在。
6 月 26 日 19:00 重磅发布，敬请期待！
点击下方链接即刻预约新品👇🏼
官网：网页链接
天猫：网页链接
京东：网页链接 vivo的微博视频",,无,无,True,无,无,2026-06-22 16:52,微博视频号,33456,800,1256
R5j5UzRSp,":🚀 评论区晒出你的 四分屏神操作！#vivo X Fold6#
一边蹲直播间抢券，一边盯股票涨跌；左上角追剧，右下角跟朋友聊天……甚至四个窗口全是游戏，轮流玩！
你的原子工作台，想怎么定义就怎么定义～
👇 在评论区晒出你的四分屏图片或文字描述，点赞最高的10位朋友将获得我们准备的🎁！ 
#vivo X Fold6##vivo[超话]#         [",,"https://ww2.sinaimg.cn/large/001Ytvrtgy1iee6hy2b5uj61o0280x6q02.jpg,https://ww4.sinaimg.cn/large/001Ytvrtgy1iee6hz34r7j61o02804qq02.jpg,https://ww1.sinaimg.cn/large/001Ytvrtgy1iee6hzf380j60u0140am702.jpg",无,True,无,无,2026-06-22 16:47,vivo超话,51977,1312,1143
R5icODeNP,":揭秘#vivo X Fold6# 全新升级的原子工作台！不同打开方式，适配更多场景。
看球数据加聊天，就用原子工作台。
旅游攻略做不来，就用原子工作台。
演唱会快人一步，就用原子工作台。
开会值机两不误，就用原子工作台。
一起展开原子工作台的更多面！
6月26日19:00，#vivo X Fold6# 新品发布会，敬请期待！#AI轻办公神器##OriginOS 6# vivo的微博视频",,无,无,True,无,无,2026-06-22 14:31,微博视频号,20059,1462,1147
R5hC7026Z,寻找1000个演唱会神器拍摄机位直拍周杰伦演唱会！0.01元租vivo演唱会神器，山顶也能拥有VIP级清晰画质，长焦直拍周董舞台，每一帧都超清直出。上支付宝搜vivo租赁，抢限量资格！ #vivo演唱会神器#  [组图共2张] 原图 ,,"https://ww1.sinaimg.cn/large/001Ytvrtgy1iedytxkwkxj60sc1fogzq02.jpg,https://ww2.sinaimg.cn/large/001Ytvrtgy1iedzgiqvg3j60sc1fo7hh02.jpg",无,True,无,无,2026-06-22 13:00,无,22604,1543,1541
R5hjj5WiO,":带你玩转#vivo X Fold6# 全新升级原子工作台！
去年“1+4”的原子工作台，是「串行模式」下，“一主四副” 的多任务。此次推出「并行模式」，四屏同开。
✅右下角内滑，是打开和切换到「串行模式」的固定手势，三指上滑，切换到「并行模式」。
✅「并行模式」下，窗口尺寸还能无极调节，随意拉动，实时自适应布局。
✅无感跨窗，一拖即办。AI 跨窗拖放，图片转文字、转表格等，一拖AI就能读懂你的拖动意图。
✅常用组合，随点随用。原子工作台也是你的一键任务流入口。曾经使用过的工作台组合，会自动保存到组合库，还能添加组合到桌面，随时一点就能回到状态。
6月26日19:00，#vivo X Fold6# 新品发布会，敬请期待！#AI轻办公神器##OriginOS 6# #vivo[超话]#         [",,"https://ww2.sinaimg.cn/large/001Ytvrtgy1iedynq4hafj61o0280h5u02.jpg,https://ww3.sinaimg.cn/large/001Ytvrtgy1iedynld23tj61o028019b02.jpg,https://ww3.sinaimg.cn/large/001Ytvrtgy1iedynh9akxj61o0280k8v02.jpg,https://ww3.sinaimg.cn/large/001Ytvrtgy1iedynbrtb6j61o0280wzd02.jpg",无,True,无,无,2026-06-22 12:14,vivo X Fold6,97,8,17
R5gQdmB7T,vivo X300系列正式成为#龙拳北京嘉年华2026周杰伦演唱会#  官方合作演唱会神器！对周杰伦演唱会的奔赴，每个人都有不同的故事！6月26日-6月28日，带上 #vivo演唱会神器#  vivo X300 Ultra | X300s，一起去鸟巢看周杰伦！  原图 ,,https://wx3.sinaimg.cn/large/001Ytvrtgy1iedxblpyzzj60sc1fo18902.jpg,无,True,无,无,2026-06-22 11:02,微博网页版,476,89,98
R5gw4BxqN,办公Mark、出游Mark ，超能Mark全搞定！和vivo X Fold6 先锋大使 Mark @趙又廷 一起，展开大屏更多可能。6月26日19:00，Mark住#vivo X Fold6#新品发布会，#AI轻办公神器#，喜欢，Mark了！#OriginOS 6##天猫小黑盒#vivo的微博视频  ,,无,无,True,无,无,2026-06-22 10:13,微博视频号,2813,457,402
R4GGIA2Td,快来投票选出#vivo X Fold6# 你最心动的配色！蓝洞，独特而神秘。盐湖，简单纯粹。极夜，不张扬，却也浪漫。黑金，尽显优雅。 #OriginOS 6# #AI轻办公神器#  大家更pick哪个颜色呢~  ,,无,无,True,无,无,2026-06-18 15:00,微博网页版,3415,124,141
R4F0FCofs,解锁#vivo X Fold6# 全新配色！蓝洞，灵感来自“深海大蓝洞”，是“会呼吸的蓝”，独特而神秘。盐湖，灵感来自“天空之镜”，简单纯粹。极夜，灵感来自极圈的长夜，不张扬，却也浪漫。黑金，浓黑为底，鎏金点睛，尽显优雅。 #OriginOS 6##AI轻办公神器##vivo[超话]#  [组图共4张] 原图 ,,"https://ww1.sinaimg.cn/large/001Ytvrtgy1ie99jurroqj65ig7psx6u02.jpg,https://ww3.sinaimg.cn/large/001Ytvrtgy1ie99jz4a2kj65ig7pskjp02.jpg,https://ww1.sinaimg.cn/large/001Ytvrtgy1ie99k2z36qj65ig7pse8502.jpg,https://ww3.sinaimg.cn/large/001Ytvrtgy1ie99k6sskxj65ig7psnpg02.jpg",无,True,无,无,2026-06-18 10:44,vivo超话,183,38,48
R4y7oah24,:6 月 15 日，南博（大理）国际影会之“青年摄影人才发展”研讨会圆满落幕，中国摄协、vivo、大理影会、青年摄影师代表，及高校代表，就中国摄协与 vivo 的战略合作重点项目——《青年摄影家计划》的价值意义、选拔标准、培养体系展开深入论证与讨论。鼓励青年摄影师大胆创作，勇敢表达，让中国移动影像，走向世界舞台！         [,,"https://ww4.sinaimg.cn/large/001Ytvrtgy1ie9ldr0b2lj62cd34gx6p02.jpg,https://ww1.sinaimg.cn/large/001Ytvrtgy1ie9ldsrtwij62pc1io1kz02.jpg,https://ww3.sinaimg.cn/large/001Ytvrtgy1ie9ljt04idj635c1rrhdu02.jpg,https://ww1.sinaimg.cn/large/001Ytvrtgy1ie9lf25dcsj62pc1io7wi02.jpg",无,True,无,无,2026-06-17 17:11,无,49,0,5
R4y2ZlqbU,旋律与光影交汇，热爱持续升温。「大炮400」增距镜超长焦影像记录，#vivo X300 Ultra专业V单# 见证每一个高燃现场，高光细节历历在目。专业V单更清晰，山顶也是VIP。#歌手直播##出发去创作#  [组图共9张] 原图 ,,"https://ww2.sinaimg.cn/large/001Ytvrtgy1ie8er6j4czj635c2pwkjn02.jpg,https://ww3.sinaimg.cn/large/001Ytvrtgy1ie8er71x7fj635c2pwhdv02.jpg,https://ww4.sinaimg.cn/large/001Ytvrtgy1ie8er6ff8mj635c2pwx6r02.jpg,https://ww3.sinaimg.cn/large/001Ytvrtgy1ie8er5pjayj635c2pw4qr02.jpg,https://ww4.sinaimg.cn/large/001Ytvrtgy1ie8er6dw7aj635c2pwu0y02.jpg,https://ww3.sinaimg.cn/large/001Ytvrtgy1ie8er76gwdj635c2pwhdw02.jpg,https://ww2.sinaimg.cn/large/001Ytvrtgy1ie8er6e5fdj635c2pwe8302.jpg,https://ww2.sinaimg.cn/large/001Ytvrtgy1ie8er75b57j635c2pwqv702.jpg,https://ww3.sinaimg.cn/large/001Ytvrtgy1ie8er41mkwj635c2pw7wi02.jpg",无,True,无,无,2026-06-17 17:00,微博网页版,57,3,5
R4vqY6nZ6,#vivo X Fold6#  蓝洞全新配色亮相。以独特色彩传递科技品味，以优雅姿态定格光影之美。 #OriginOS 6##AI轻办公神器# vivo的微博视频  ,,无,无,True,无,无,2026-06-17 10:21,微博视频号,135,9,18
R4uTOqnzO,":#vivo头戴降噪耳机# 全新微风紫配色，火热开售中！
百搭微风紫温柔出圈｜穿搭氛围感直接拉满。
至高58dB自适应降噪｜独享静谧听觉空间。
40mm大动圈空间音频｜颜值实力双双在线。
👇点击链接，入手你的专属搭「紫」💜
官方商城：网页链接
京东自营：网页链接
天猫官旗：网页链接",,https://wx2.sinaimg.cn/large/001Ytvrtgy1ie7atykdh0j62bc334x6p02.jpg,无,True,无,无,2026-06-17 09:00,无,52,4,10
R4nXS8swm,"转发理由:快来一起解锁#vivo S60#的宝藏功能～超好用，超贴心！  
原始用户: OriginOS原系统
转发内容: #vivo S60#这些宝藏功能，真的值得上手试试！✨
好看的锁屏、高效的学习办公，还有超多越用越顺手的贴心功能，等你来解锁～
哪一个最让你心动？评论区和小原聊聊吧！【关注+转发】随机抽取3位幸运用户赠送哔哩哔哩大会员月卡！
#vivo全新系统OriginOS6##OriginOS6#    OriginOS原系统的微博视频   抽奖详情",,无,无,False,无,无,2026-06-16 15:20,无,50,5,4
R4nrIcVrS,#vivo X Fold6# 全新蓝洞配色，是独特的蓝，也是优雅的蓝，会呼吸的蓝。蔡司两亿像素主摄、折叠首发等效200mm vivo蔡司增距镜G2，「折叠小V单」惊喜亮相。和vivo X Fold6先锋大使@朱珠ZhuZhu 一起，展开全新折叠屏，也展开生活的无限可能。#OriginOS 6##AI轻办公神器# #vivo[超话]#  [组图共3张] 原图 ,,"https://ww3.sinaimg.cn/large/001Ytvrtgy1ie72sye72ej616w1o0hdt02.jpg,https://ww1.sinaimg.cn/large/001Ytvrtgy1ie72sxjdw1j616w1o0hdt02.jpg,https://ww3.sinaimg.cn/large/001Ytvrtgy1ie72szabzzj616w1o0kjl02.jpg",无,True,无,无,2026-06-16 14:01,vivo超话,10291,11870,1099
R4lNC6GSn,":为好声音，更进一步！
#vivo TWS 5 Pro# 搭载独立Hi-Fi DAC芯片，呈现极致声音细节；四麦深海智慧降噪，隔绝喧嚣，沉浸聆听；圈铁纯净合音架构，声音更清澈饱满。
#Hi-Fi人声大师# 从音质到降噪，旗舰体验，更进一步。6 月 26 日 19:00 重磅发布，敬请期待！
点击下方链接，即刻预约新品👇
官网：网页链接
天猫：网页链接
京东：网页链接",,https://wx3.sinaimg.cn/large/001Ytvrtgy1ie6x9qtp72j63c04g01l002.jpg,无,True,无,无,2026-06-16 09:50,无,344,104,85
R4fYmqnsu,毕业，是由无数个瞬间组成：最后一次并肩大笑、出校门前的回头、没来得及好好说的再见……这些普通的瞬间，都将成为人生难忘的高光时刻，它们值得被好好记录。 今年夏天，vivo&iQOO 发起「共赴星程 2026毕业影像展」，走进全国50+所高校，让毕业生拍出#我的毕业高光时刻#  原图 ,,https://wx1.sinaimg.cn/large/001Ytvrtgy1ie65t9qnc4j60u01o0npd02.jpg,无,True,无,无,2026-06-15 19:00,无,75,6,12
R4cPx0isY,":vivo × 腾讯公益 
#一起V爱一块捐书# 活动正式启动！
你书架上那本读过的好书，或许正是某个孩子从未见过的远方。
这个夏天，让书页间的感动，成为另一个童年里珍藏的光芒。
6月15日 - 7月31日期间，前往vivo指定活动门店参与捐书，即可收获电子捐赠证书以及给微信戴上小红花状态；同时捐赠 3 本可得联名气囊支架，捐赠 5 本及以上兑换星光大使联名金贴摆件，礼品有限，赠完即止。
一本旧书就能让知识跨越山河，点亮梦想。
带上好书，和vivo、@腾讯公益 一块，让星光传递爱意，让知识流动起来。#vivo##腾讯公益#",,https://wx3.sinaimg.cn/large/001Ytvrtgy1ie5ogutfa2j614644knpd02.jpg,无,True,无,无,2026-06-15 11:00,无,71,8,8
R4crbnjaC,当歌声穿过光影，每一句都直抵人心。#vivo X300 Ultra专业V单# 2亿长焦超清晰，给你带来「山顶也是VIP」绝佳体验。超长焦视频定格舞台上的情绪流动，细腻还原层层光影与动人瞬间，让每一次开唱都更具感染力。#vivo演唱会神器##出发去创作# vivo的微博视频  ,,无,无,True,无,无,2026-06-15 10:00,微博视频号,53,2,7
R3ORWjdur,旋律与光影交汇，热爱持续升温。「大炮400」增距镜超长焦视频动态记录，#vivo X300 Ultra专业V单# 见证每一场高能对决，高光细节历历在目。专业V单更清晰，山顶也是VIP。沉浸式感受#歌手直播# 动人舞台。#出发去创作##vivo[超话]# vivo的微博视频  ,,无,无,True,无,无,2026-06-12 22:00,vivo超话,67,5,13
R3LnfuRay,"转发理由:创作不停，热爱在场。#vivo X300 Ultra专业V单# 深度参与#歌手直播# 台前幕后专业视频创作，让每一份用心表达都清晰可见。专业V单更清晰，山顶也是VIP。 #出发去创作# 与歌手2026共赴山海。  
原始用户: 湖南卫视歌手
转发内容: 创作共鸣，支持每一次突破，记录每一份纯粹。歌手2026影像技术合作伙伴#vivo X300 Ultra专业V单# ，以专业影像能力丰富#歌手直播# 内容，从幕后耕耘到舞台高光，心跳同频、热爱永续。#出发去创作# 湖南卫视歌手的微博视频  ",,无,无,False,无,无,2026-06-12 13:06,无,118,7,29
R3Ky2oX3u,#vivo夏日超值季# 盛夏焕新。现在入手 vivo 全家桶超划算，热销手机 X、S 系列搭配指定 IoT 产品组合购机至高优惠100元。焕新趁盛夏，好物一站式配齐！#教育优惠##vivo教育优惠#  [组图共4张] 原图 ,,"https://ww3.sinaimg.cn/large/001Ytvrtgy1ie1pf89pbhj60u0140tfi02.jpg,https://ww3.sinaimg.cn/large/001Ytvrtgy1ie1pf7dpffj60u0140ah602.jpg,https://ww3.sinaimg.cn/large/001Ytvrtgy1ie1pf7undaj60u01407b502.jpg,https://ww4.sinaimg.cn/large/001Ytvrtgy1ie1pf8pcyfj60u0140agg02.jpg",无,True,无,无,2026-06-12 11:00,无,55,9,7
R3F35g04H,#vivo S60# 系列口碑大揭秘！首批先享用户真实评价来了👇📸 4K Live 原相机，记录每一个闪光时刻！✨「星星海」星芒光刻工艺，颜值能打！现正全网热销中，心动速戳链接抢购：网页链接  [组图共9张] 原图 ,,"https://ww1.sinaimg.cn/large/001Ytvrtgy1ie1hqwj5pfj61o01o0hdt02.jpg,https://ww3.sinaimg.cn/large/001Ytvrtgy1ie1hqwicipj61o01o0e8102.jpg,https://ww4.sinaimg.cn/large/001Ytvrtgy1ie1hqwig4gj61o01o0b2902.jpg,https://ww3.sinaimg.cn/large/001Ytvrtgy1ie1hqwj8r6j61o01o0kjl02.jpg,https://ww3.sinaimg.cn/large/001Ytvrtgy1ie1hqwiqgij61o01o0e8102.jpg,https://ww4.sinaimg.cn/large/001Ytvrtgy1ie1hqwioibj61o01o0hdt02.jpg,https://ww3.sinaimg.cn/large/001Ytvrtgy1ie1hqwhrucj61o01o0b2902.jpg,https://ww2.sinaimg.cn/large/001Ytvrtgy1ie1hqwj3nlj61o01o0hdt02.jpg,https://ww1.sinaimg.cn/large/001Ytvrtgy1ie1hqwib6ij61o01o0b2902.jpg",无,True,无,无,2026-06-11 21:00,无,78,5,13
R3CT8omA1,":vivo携手@阿里云 @天猫 开启【千问智能硬件618爆款开箱夜】
#vivo X300Ultra 专业V单# 重磅亮相，专业影像加持，一键解锁旅途创作力。
🎁转发随机抽送1个【vivo TWS 5i】
神秘嘉宾即将惊喜空降！
她是奥运卫冕冠军，也是隐藏的3C硬件发烧友。
雪场上，她腾空翻转。
直播里，她用金牌标准开箱验货。
她是谁？ 6月11日晚20:30，锁定天猫官方直播间，答案即将揭晓。
#千问智能硬件618爆款开箱夜# #天猫618#",,https://wx1.sinaimg.cn/large/001Ytvrtgy1ie1cyhxsb1j60u11hdx6p02.jpg,无,True,无,无,2026-06-11 15:30,无,264,674,202
R3CGY3gmJ,":#vivo头戴降噪耳机# 499元，开启你的沉浸聆听体验。至高58dB主动降噪，隔绝纷扰；40mm大动圈单元，释放澎湃声场；238g轻量机身，久戴依然舒适；75小时超长续航，音乐不停电；支持同时连接三个跨生态设备，切换更从容。两款清新配色上线，这款降噪好搭「紫」，绝配你的VOTD。
现已正式开售，点击下方链接，即刻入手👇
官方商城：网页链接
京东自营：网页链接
天猫官旗：网页链接         [",,"https://ww2.sinaimg.cn/large/001Ytvrtgy1ie0ijrwomtj60u0140dkn02.jpg,https://ww2.sinaimg.cn/large/001Ytvrtgy1ie0ijrl2y2j60u0140djz02.jpg,https://ww2.sinaimg.cn/large/001Ytvrtgy1ie0ijsdwe7j60u0140te502.jpg,https://ww2.sinaimg.cn/large/001Ytvrtgy1ie0ijtiebnj60u014043t02.jpg",无,True,无,无,2026-06-11 15:00,无,56,9,11
R3Ax55uLc,":“AI时代，我们需要怎样的个人终端？”
昨天，vivo联合@爱范儿 发起AIDONE活动，和AI爱好者们对这个问题进行了一次集体追问。
答案很清晰：折叠屏，是AI体验的最佳载体。它第一次把手机的随身性，与生产力工具的任务空间合为一体。合上，是一台随时握在手里的旗舰手机；展开，是一个可以承载完整任务流的移动工作台。
vivo X Fold系列的目标，是做AI体验最好的移动终端。让每一个普通人，都有更多机会把想法变成现实，把热爱带到台前。
#vivo X Fold6##OriginOS 6##AI轻办公神器#         [",,"https://ww2.sinaimg.cn/large/001Ytvrtgy1ie14i3lfqfj60a00hs0ye02.jpg,https://ww4.sinaimg.cn/large/001Ytvrtgy1ie14i3ubz7j60a00hsn2g02.jpg,https://ww1.sinaimg.cn/large/001Ytvrtgy1ie14i42661j60a00hsn2w02.jpg,https://ww4.sinaimg.cn/large/001Ytvrtgy1ie14i48xzdj60a00hsjwt02.jpg,https://ww2.sinaimg.cn/large/001Ytvrtgy1ie14i4i927j60a00ebq7e02.jpg,https://ww1.sinaimg.cn/large/001Ytvrtgy1ie14i4qg5qj60a00hs7a202.jpg,https://ww2.sinaimg.cn/large/001Ytvrtgy1ie14i4zx93j60a00hsdlq02.jpg,https://ww4.sinaimg.cn/large/001Ytvrtgy1ie14i58ascj60a00hsq8602.jpg,https://ww2.sinaimg.cn/large/001Ytvrtgy1ie14i6py7oj61qi334u0z02.jpg",无,True,无,无,2026-06-11 09:30,vivo X Fold6,116,9,21
R3s5pCoyA,":🎬 电影级影像先锋、旅拍创作者——Sam Kolder《花园大道》幕后解密：
七天的南非旅途中，他放下所有沉重的器材，只与一群挚友和一部 #vivo X300Ultra#  同行。
从天空潜入海底，从海岸走向悬崖。烈日之下、深水之中、夜色深处、颠簸之上——越是复杂的场景，灵感越是肆意生长。
全焦段4K 120fps 10bit Log、全焦段OIS、专业录像Pro模式、专业外摄，这是他随时握住灵感的底气。
“用这部手机拍摄，让我真正走进画面里，而不仅仅是站在相机后。”
#vivo X300Ultra 专业V单# ，拍出电影感。 vivo的微博视频",,无,无,True,无,无,2026-06-10 12:00,微博视频号,539,5,68
